{"P": [[0.14839258783652626, 0.019566355305549208, 0.12875831994491624, 0.06909037095501185, 0.18953248499177155, 0.19973909262211914], [0.5326015367727772, 0.1458111538776513, 0.40017893660531695, 0.4744636415416746, 0.596815834767642, 0.19171135220517938], [0.5404603160105945, 0.14296647788152456, 0.4063672835511842, 0.5231873389768127, 0.6796239498599813, 0.2395331604297888], [0.6744508670520232, 0.5948362579635632, 0.5045120671563483, 0.4741455977639436, 0.5835108649339582, 0.25378672359459187], [0.6990712452645729, 0.6277770559958425, 0.9017870551133804, 0.5562459317119356, 0.7482815626903333, 0.44953202422462835], [0.5614835009871204, 0.6216652323580034, 0.6525067687424143, 0.5092949997781623, 0.6108789182544561, 0.3557541899441341], [0.8657617832015441, 0.7107193563653573, 0.8015431748553273, 0.781253347616497, 0.8181818181818182, 0.2996729110912875]], "R": [[0.23399496126768854, 0.06183453321218052, 0.23276252263126132, 0.0845415585199493, 0.2820044144019865, 0.3370566653077864], [0.5746091899573662, 0.294273200561937, 0.37935421336402736, 0.4506153360681603, 0.6162618483412322, 0.45722216714583125], [0.6045359350257956, 0.3527856468366383, 0.38248370789938485, 0.49430583326088845, 0.6785381440553855, 0.637731196054254], [0.6359969475635016, 0.6189811584089323, 0.6066621803499327, 0.6020002150768899, 0.6721060057665174, 0.37583741061347387], [0.6455817627807245, 0.5669365246978764, 0.6505254035315784, 0.5230649379555952, 0.5845568243610658, 0.5687253308567448], [0.6222326405167474, 0.6220667384284176, 0.6642904666856763, 0.6109750904832872, 0.6286129909556638, 0.5337505587840858], [0.7988624612202688, 0.6273629242819844, 0.8132627216209993, 0.7091598599766628, 0.6737680923727435, 0.5828802776171197]]}